{
    "facets": [
        [
            1,
            4,
            6
        ],
        [
            3,
            0,
            7
        ],
        [
            3,
            1,
            4
        ],
        [
            3,
            1,
            0
        ],
        [
            9,
            3,
            7
        ],
        [
            9,
            3,
            4
        ],
        [
            5,
            0,
            7
        ],
        [
            12,
            9,
            7
        ],
        [
            10,
            13,
            6
        ],
        [
            10,
            4,
            6
        ],
        [
            10,
            9,
            4
        ],
        [
            10,
            12,
            13
        ],
        [
            10,
            12,
            9
        ],
        [
            8,
            13,
            6
        ],
        [
            11,
            12,
            13
        ],
        [
            11,
            8,
            13
        ],
        [
            11,
            8,
            5
        ],
        [
            11,
            5,
            7
        ],
        [
            11,
            12,
            7
        ],
        [
            2,
            5,
            0
        ],
        [
            2,
            8,
            5
        ],
        [
            2,
            1,
            0
        ],
        [
            2,
            1,
            6
        ],
        [
            2,
            8,
            6
        ]
    ],
    "vertices": [
        [
            0.3012536847870683,
            -0.1206319259911869,
            -0.9458827389448813
        ],
        [
            -0.5947189772040725,
            0.1776539926025823,
            -0.7840589244857197
        ],
        [
            -0.3012536847870683,
            -0.7588425179318781,
            -0.5774116818882528
        ],
        [
            0.5947189772040725,
            0.590187950367247,
            -0.5458823329204288
        ],
        [
            -0.3012536847870683,
            0.8794744439230651,
            -0.3684710570566285
        ],
        [
            0.5947189772040725,
            -0.7678419429698292,
            -0.2381765915652909
        ],
        [
            -1.0,
            0.0,
            0.0
        ],
        [
            1.0,
            0.0,
            0.0
        ],
        [
            -0.5947189772040725,
            -0.7678419429698292,
            0.2381765915652909
        ],
        [
            0.3012536847870683,
            0.8794744439230651,
            0.3684710570566285
        ],
        [
            -0.5947189772040725,
            0.590187950367247,
            0.5458823329204288
        ],
        [
            0.3012536847870683,
            -0.7588425179318781,
            0.5774116818882528
        ],
        [
            0.5947189772040725,
            0.1776539926025823,
            0.7840589244857197
        ],
        [
            -0.3012536847870683,
            -0.1206319259911869,
            0.9458827389448813
        ]
    ]
}