{
    "facets": [
        [
            3,
            2,
            0
        ],
        [
            3,
            1,
            0
        ],
        [
            5,
            1,
            0
        ],
        [
            5,
            4,
            0
        ],
        [
            5,
            3,
            1
        ],
        [
            5,
            3,
            7
        ],
        [
            6,
            2,
            0
        ],
        [
            6,
            4,
            0
        ],
        [
            6,
            3,
            2
        ],
        [
            6,
            3,
            7
        ],
        [
            6,
            5,
            4
        ],
        [
            6,
            5,
            7
        ]
    ],
    "vertices": [
        [
            -0.5773502691896258,
            -0.5773502691896258,
            -0.5773502691896258
        ],
        [
            0.5773502691896258,
            -0.5773502691896258,
            -0.5773502691896258
        ],
        [
            -0.5773502691896258,
            0.5773502691896258,
            -0.5773502691896258
        ],
        [
            0.5773502691896258,
            0.5773502691896258,
            -0.5773502691896258
        ],
        [
            -0.5773502691896258,
            -0.5773502691896258,
            0.5773502691896258
        ],
        [
            0.5773502691896258,
            -0.5773502691896258,
            0.5773502691896258
        ],
        [
            -0.5773502691896258,
            0.5773502691896258,
            0.5773502691896258
        ],
        [
            0.5773502691896258,
            0.5773502691896258,
            0.5773502691896258
        ]
    ]
}