{
    "facets": [
        [
            6,
            4,
            3
        ],
        [
            6,
            5,
            3
        ],
        [
            6,
            5,
            4
        ],
        [
            1,
            2,
            0
        ],
        [
            2,
            0,
            3
        ],
        [
            2,
            5,
            3
        ],
        [
            1,
            0,
            3
        ],
        [
            1,
            4,
            3
        ],
        [
            1,
            2,
            5
        ],
        [
            1,
            5,
            4
        ]
    ],
    "vertices": [
        [
            -0.3971119470091982,
            -0.687818068512531,
            -0.6076252185107651
        ],
        [
            0.7942238940183964,
            0.0,
            -0.6076252185107651
        ],
        [
            -0.3971119470091982,
            0.687818068512531,
            -0.6076252185107651
        ],
        [
            -0.4808232423993797,
            -0.8328102852957316,
            0.2742918851774318
        ],
        [
            0.9616464847987594,
            0.0,
            0.2742918851774318
        ],
        [
            -0.4808232423993797,
            0.8328102852957316,
            0.2742918851774318
        ],
        [
            0.0,
            0.0,
            1.0
        ]
    ]
}