{
    "facets": [
        [
            2,
            1,
            0
        ],
        [
            6,
            8,
            7
        ],
        [
            1,
            0,
            4
        ],
        [
            1,
            5,
            4
        ],
        [
            8,
            5,
            4
        ],
        [
            8,
            7,
            4
        ],
        [
            2,
            0,
            4
        ],
        [
            2,
            3,
            4
        ],
        [
            2,
            1,
            5
        ],
        [
            2,
            3,
            5
        ],
        [
            6,
            7,
            4
        ],
        [
            6,
            3,
            4
        ],
        [
            6,
            8,
            5
        ],
        [
            6,
            3,
            5
        ]
    ],
    "vertices": [
        [
            -0.6123724356957942,
            0.3535533905932731,
            -0.7071067811865482
        ],
        [
            0.6123724356957942,
            0.3535533905932731,
            -0.7071067811865482
        ],
        [
            0.0,
            -0.707106781186547,
            -0.707106781186548
        ],
        [
            0.0,
            -1.0,
            0.0
        ],
        [
            -0.8660254037844387,
            0.4999999999999998,
            0.0
        ],
        [
            0.8660254037844387,
            0.4999999999999998,
            0.0
        ],
        [
            0.0,
            -0.707106781186547,
            0.707106781186548
        ],
        [
            -0.6123724356957942,
            0.3535533905932731,
            0.7071067811865482
        ],
        [
            0.6123724356957942,
            0.3535533905932731,
            0.7071067811865482
        ]
    ]
}