{
    "facets": [
        [
            6,
            0,
            7
        ],
        [
            2,
            0,
            7
        ],
        [
            15,
            9,
            13
        ],
        [
            15,
            9,
            17
        ],
        [
            15,
            16,
            17
        ],
        [
            11,
            9,
            3
        ],
        [
            11,
            9,
            17
        ],
        [
            11,
            12,
            17
        ],
        [
            8,
            9,
            3
        ],
        [
            8,
            9,
            13
        ],
        [
            10,
            16,
            17
        ],
        [
            10,
            12,
            17
        ],
        [
            1,
            2,
            0
        ],
        [
            1,
            8,
            3
        ],
        [
            1,
            8,
            0
        ],
        [
            4,
            2,
            7
        ],
        [
            4,
            10,
            7
        ],
        [
            4,
            10,
            12
        ],
        [
            5,
            8,
            13
        ],
        [
            5,
            8,
            0
        ],
        [
            5,
            6,
            0
        ],
        [
            14,
            10,
            16
        ],
        [
            14,
            6,
            7
        ],
        [
            14,
            10,
            7
        ],
        [
            4,
            11,
            12
        ],
        [
            4,
            11,
            3
        ],
        [
            4,
            1,
            3
        ],
        [
            4,
            1,
            2
        ],
        [
            14,
            15,
            16
        ],
        [
            14,
            15,
            13
        ],
        [
            14,
            5,
            13
        ],
        [
            14,
            5,
            6
        ]
    ],
    "vertices": [
        [
            -0.4950010157651061,
            0.0,
            -0.868892395174174
        ],
        [
            0.2475026854554211,
            -0.4286885651196851,
            -0.8688892534886022
        ],
        [
            0.2475026854554211,
            0.4286885651196851,
            -0.8688892534886022
        ],
        [
            0.838450750963399,
            -0.4177131208284971,
            -0.3500229805264641
        ],
        [
            0.838450750963399,
            0.4177131208284971,
            -0.3500229805264641
        ],
        [
            -0.780977314152202,
            -0.517261925352359,
            -0.350020764184617
        ],
        [
            -0.780977314152202,
            0.517261925352359,
            -0.350020764184617
        ],
        [
            -0.057482091790715,
            0.9349769854943565,
            -0.3500197790400562
        ],
        [
            -0.057482091790716,
            -0.9349769854943565,
            -0.3500197790400558
        ],
        [
            0.057482091790715,
            -0.9349769854943565,
            0.3500197790400562
        ],
        [
            0.057482091790716,
            0.9349769854943561,
            0.350019779040057
        ],
        [
            0.780977314152202,
            -0.517261925352359,
            0.350020764184617
        ],
        [
            0.780977314152202,
            0.517261925352359,
            0.350020764184617
        ],
        [
            -0.838450750963399,
            -0.4177131208284971,
            0.3500229805264641
        ],
        [
            -0.838450750963399,
            0.4177131208284971,
            0.3500229805264641
        ],
        [
            -0.2475026854554211,
            -0.4286885651196851,
            0.8688892534886022
        ],
        [
            -0.2475026854554211,
            0.4286885651196851,
            0.8688892534886022
        ],
        [
            0.4950010157651061,
            0.0,
            0.868892395174174
        ]
    ]
}