{
    "facets": [
        [
            9,
            10,
            5
        ],
        [
            0,
            4,
            2
        ],
        [
            8,
            4,
            2
        ],
        [
            8,
            10,
            4
        ],
        [
            7,
            10,
            5
        ],
        [
            7,
            10,
            4
        ],
        [
            6,
            0,
            2
        ],
        [
            6,
            8,
            2
        ],
        [
            6,
            9,
            10
        ],
        [
            6,
            8,
            10
        ],
        [
            3,
            9,
            5
        ],
        [
            3,
            0,
            5
        ],
        [
            3,
            6,
            9
        ],
        [
            3,
            6,
            0
        ],
        [
            1,
            0,
            4
        ],
        [
            1,
            7,
            4
        ],
        [
            1,
            0,
            5
        ],
        [
            1,
            7,
            5
        ]
    ],
    "vertices": [
        [
            0.0,
            0.0,
            -1.0
        ],
        [
            0.2652054187320974,
            -0.8073960045091597,
            -0.5270462766947299
        ],
        [
            -0.8318281601850362,
            0.1740233724112941,
            -0.5270462766947299
        ],
        [
            0.5666227414529388,
            0.6333726320978657,
            -0.5270462766947299
        ],
        [
            -0.5,
            -0.8660254037844386,
            0.0
        ],
        [
            1.0,
            0.0,
            0.0
        ],
        [
            -0.5,
            0.8660254037844386,
            0.0
        ],
        [
            0.5666227414529388,
            -0.6333726320978657,
            0.5270462766947299
        ],
        [
            -0.8318281601850362,
            -0.1740233724112941,
            0.5270462766947299
        ],
        [
            0.2652054187320974,
            0.8073960045091597,
            0.5270462766947299
        ],
        [
            0.0,
            0.0,
            1.0
        ]
    ]
}