{
    "facets": [
        [
            3,
            2,
            0
        ],
        [
            3,
            1,
            0
        ],
        [
            6,
            4,
            0
        ],
        [
            6,
            2,
            0
        ],
        [
            6,
            4,
            8
        ],
        [
            6,
            3,
            2
        ],
        [
            6,
            3,
            7
        ],
        [
            9,
            6,
            7
        ],
        [
            9,
            6,
            8
        ],
        [
            5,
            3,
            7
        ],
        [
            5,
            3,
            1
        ],
        [
            5,
            9,
            7
        ],
        [
            5,
            4,
            0
        ],
        [
            5,
            1,
            0
        ],
        [
            5,
            4,
            8
        ],
        [
            5,
            9,
            8
        ]
    ],
    "vertices": [
        [
            -0.5773502691896258,
            0.2523113193557069,
            -0.7765343938240271
        ],
        [
            0.5773502691896258,
            0.2523113193557069,
            -0.7765343938240271
        ],
        [
            -0.5773502691896258,
            -0.6605596098195698,
            -0.4799246488165451
        ],
        [
            0.5773502691896258,
            -0.6605596098195698,
            -0.4799246488165451
        ],
        [
            -0.5773502691896258,
            0.816496580927726,
            0.0
        ],
        [
            0.5773502691896258,
            0.816496580927726,
            0.0
        ],
        [
            -0.5773502691896258,
            -0.6605596098195698,
            0.4799246488165451
        ],
        [
            0.5773502691896258,
            -0.6605596098195698,
            0.4799246488165451
        ],
        [
            -0.5773502691896258,
            0.2523113193557069,
            0.7765343938240271
        ],
        [
            0.5773502691896258,
            0.2523113193557069,
            0.7765343938240271
        ]
    ]
}