{
    "facets": [
        [
            9,
            8,
            12
        ],
        [
            9,
            11,
            12
        ],
        [
            10,
            8,
            12
        ],
        [
            10,
            11,
            12
        ],
        [
            9,
            8,
            4
        ],
        [
            9,
            4,
            5
        ],
        [
            9,
            7,
            5
        ],
        [
            9,
            11,
            7
        ],
        [
            10,
            8,
            4
        ],
        [
            10,
            4,
            6
        ],
        [
            10,
            11,
            7
        ],
        [
            10,
            7,
            6
        ],
        [
            2,
            4,
            6
        ],
        [
            2,
            0,
            4
        ],
        [
            1,
            4,
            5
        ],
        [
            1,
            0,
            4
        ],
        [
            3,
            7,
            6
        ],
        [
            3,
            2,
            6
        ],
        [
            3,
            7,
            5
        ],
        [
            3,
            1,
            5
        ],
        [
            3,
            2,
            0
        ],
        [
            3,
            1,
            0
        ]
    ],
    "vertices": [
        [
            0.0,
            -0.6742760752955343,
            -0.7384793661870661
        ],
        [
            -0.6742760752955343,
            0.0,
            -0.7384793661870661
        ],
        [
            0.6742760752955343,
            0.0,
            -0.7384793661870661
        ],
        [
            0.0,
            0.6742760752955343,
            -0.7384793661870661
        ],
        [
            0.0,
            -0.9989335991152782,
            -0.0461699529845624
        ],
        [
            -0.9989335991152782,
            0.0,
            -0.0461699529845624
        ],
        [
            0.9989335991152782,
            0.0,
            -0.0461699529845624
        ],
        [
            0.0,
            0.9989335991152782,
            -0.0461699529845624
        ],
        [
            0.0,
            -0.8450740236862769,
            0.5346493191716285
        ],
        [
            -0.8450740236862769,
            0.0,
            0.5346493191716285
        ],
        [
            0.8450740236862769,
            0.0,
            0.5346493191716285
        ],
        [
            0.0,
            0.8450740236862769,
            0.5346493191716285
        ],
        [
            0.0,
            0.0,
            1.0
        ]
    ]
}