{
    "facets": [
        [
            2,
            0,
            1
        ],
        [
            3,
            0,
            1
        ],
        [
            3,
            2,
            1
        ],
        [
            3,
            2,
            0
        ]
    ],
    "vertices": [
        [
            0.5773502691896258,
            -0.5773502691896258,
            -0.5773502691896258
        ],
        [
            -0.5773502691896258,
            0.5773502691896258,
            -0.5773502691896258
        ],
        [
            -0.5773502691896258,
            -0.5773502691896258,
            0.5773502691896258
        ],
        [
            0.5773502691896258,
            0.5773502691896258,
            0.5773502691896258
        ]
    ]
}