{
    "facets": [
        [
            0,
            4,
            2
        ],
        [
            5,
            10,
            4
        ],
        [
            5,
            0,
            3
        ],
        [
            5,
            0,
            4
        ],
        [
            8,
            6,
            2
        ],
        [
            8,
            4,
            2
        ],
        [
            8,
            10,
            4
        ],
        [
            9,
            7,
            3
        ],
        [
            9,
            5,
            3
        ],
        [
            9,
            5,
            10
        ],
        [
            11,
            7,
            6
        ],
        [
            11,
            8,
            10
        ],
        [
            11,
            8,
            6
        ],
        [
            11,
            9,
            10
        ],
        [
            11,
            9,
            7
        ],
        [
            1,
            7,
            6
        ],
        [
            1,
            6,
            2
        ],
        [
            1,
            0,
            2
        ],
        [
            1,
            0,
            3
        ],
        [
            1,
            7,
            3
        ]
    ],
    "vertices": [
        [
            0.0,
            -0.5257311121190548,
            -0.8506508083520886
        ],
        [
            0.0,
            0.5257311121190548,
            -0.8506508083520886
        ],
        [
            -0.8506508083520886,
            0.0,
            -0.5257311121190548
        ],
        [
            0.8506508083520886,
            0.0,
            -0.5257311121190548
        ],
        [
            -0.5257311121190548,
            -0.8506508083520886,
            0.0
        ],
        [
            0.5257311121190548,
            -0.8506508083520886,
            0.0
        ],
        [
            -0.5257311121190548,
            0.8506508083520886,
            0.0
        ],
        [
            0.5257311121190548,
            0.8506508083520886,
            0.0
        ],
        [
            -0.8506508083520886,
            0.0,
            0.5257311121190548
        ],
        [
            0.8506508083520886,
            0.0,
            0.5257311121190548
        ],
        [
            0.0,
            -0.5257311121190548,
            0.8506508083520886
        ],
        [
            0.0,
            0.5257311121190548,
            0.8506508083520886
        ]
    ]
}