{
    "facets": [
        [
            4,
            0,
            3
        ],
        [
            4,
            0,
            1
        ],
        [
            5,
            0,
            3
        ],
        [
            5,
            0,
            2
        ],
        [
            11,
            12,
            9
        ],
        [
            11,
            12,
            14
        ],
        [
            11,
            4,
            3
        ],
        [
            11,
            4,
            9
        ],
        [
            11,
            5,
            3
        ],
        [
            11,
            5,
            10
        ],
        [
            6,
            4,
            1
        ],
        [
            6,
            12,
            9
        ],
        [
            6,
            4,
            9
        ],
        [
            6,
            0,
            1
        ],
        [
            6,
            8,
            0
        ],
        [
            6,
            8,
            14
        ],
        [
            6,
            12,
            14
        ],
        [
            13,
            11,
            10
        ],
        [
            13,
            11,
            14
        ],
        [
            7,
            5,
            10
        ],
        [
            7,
            5,
            2
        ],
        [
            7,
            13,
            10
        ],
        [
            7,
            8,
            0
        ],
        [
            7,
            0,
            2
        ],
        [
            7,
            8,
            14
        ],
        [
            7,
            13,
            14
        ]
    ],
    "vertices": [
        [
            0.0,
            0.3090169943749474,
            -0.9510565162951536
        ],
        [
            -0.7071067811865475,
            0.2185080122244105,
            -0.6724985119639573
        ],
        [
            0.7071067811865475,
            0.2185080122244105,
            -0.6724985119639573
        ],
        [
            0.0,
            -0.8090169943749475,
            -0.5877852522924731
        ],
        [
            -0.7071067811865475,
            -0.5720614028176843,
            -0.4156269377774534
        ],
        [
            0.7071067811865475,
            -0.5720614028176843,
            -0.4156269377774534
        ],
        [
            -0.7071067811865475,
            0.7071067811865475,
            0.0
        ],
        [
            0.7071067811865475,
            0.7071067811865475,
            0.0
        ],
        [
            0.0,
            1.0,
            0.0
        ],
        [
            -0.7071067811865475,
            -0.5720614028176843,
            0.4156269377774534
        ],
        [
            0.7071067811865475,
            -0.5720614028176843,
            0.4156269377774534
        ],
        [
            0.0,
            -0.8090169943749475,
            0.5877852522924731
        ],
        [
            -0.7071067811865475,
            0.2185080122244105,
            0.6724985119639573
        ],
        [
            0.7071067811865475,
            0.2185080122244105,
            0.6724985119639573
        ],
        [
            0.0,
            0.3090169943749474,
            0.9510565162951536
        ]
    ]
}