{
    "facets": [
        [
            0,
            6,
            4
        ],
        [
            12,
            6,
            4
        ],
        [
            8,
            12,
            6
        ],
        [
            8,
            12,
            14
        ],
        [
            11,
            12,
            4
        ],
        [
            2,
            0,
            6
        ],
        [
            2,
            8,
            6
        ],
        [
            2,
            1,
            5
        ],
        [
            2,
            1,
            0
        ],
        [
            10,
            8,
            14
        ],
        [
            10,
            13,
            14
        ],
        [
            10,
            13,
            5
        ],
        [
            10,
            2,
            5
        ],
        [
            10,
            2,
            8
        ],
        [
            7,
            13,
            9
        ],
        [
            7,
            13,
            5
        ],
        [
            7,
            1,
            5
        ],
        [
            3,
            11,
            4
        ],
        [
            3,
            11,
            9
        ],
        [
            3,
            0,
            4
        ],
        [
            3,
            1,
            0
        ],
        [
            3,
            7,
            9
        ],
        [
            3,
            7,
            1
        ],
        [
            15,
            13,
            9
        ],
        [
            15,
            11,
            9
        ],
        [
            15,
            13,
            14
        ],
        [
            15,
            12,
            14
        ],
        [
            15,
            11,
            12
        ]
    ],
    "vertices": [
        [
            -0.1826964031330545,
            -0.3888441690006706,
            -0.9030073291598592
        ],
        [
            0.1826964031330545,
            0.3888441690006706,
            -0.9030073291598592
        ],
        [
            0.5773502691896258,
            -0.5773502691896258,
            -0.5773502691896258
        ],
        [
            -0.5773502691896258,
            0.5773502691896258,
            -0.5773502691896258
        ],
        [
            -0.9030073291598592,
            -0.1826964031330545,
            -0.3888441690006706
        ],
        [
            0.9030073291598592,
            0.1826964031330545,
            -0.3888441690006706
        ],
        [
            -0.3888441690006706,
            -0.9030073291598592,
            -0.1826964031330545
        ],
        [
            0.3888441690006706,
            0.9030073291598592,
            -0.1826964031330545
        ],
        [
            0.3888441690006706,
            -0.9030073291598592,
            0.1826964031330545
        ],
        [
            -0.3888441690006706,
            0.9030073291598592,
            0.1826964031330545
        ],
        [
            0.9030073291598592,
            -0.1826964031330545,
            0.3888441690006706
        ],
        [
            -0.9030073291598592,
            0.1826964031330545,
            0.3888441690006706
        ],
        [
            -0.5773502691896258,
            -0.5773502691896258,
            0.5773502691896258
        ],
        [
            0.5773502691896258,
            0.5773502691896258,
            0.5773502691896258
        ],
        [
            0.1826964031330545,
            -0.3888441690006706,
            0.9030073291598592
        ],
        [
            -0.1826964031330545,
            0.3888441690006706,
            0.9030073291598592
        ]
    ]
}