{
    "facets": [
        [
            1,
            0,
            8
        ],
        [
            5,
            2,
            0
        ],
        [
            17,
            16,
            18
        ],
        [
            6,
            5,
            13
        ],
        [
            6,
            5,
            2
        ],
        [
            11,
            17,
            14
        ],
        [
            10,
            17,
            14
        ],
        [
            10,
            1,
            8
        ],
        [
            7,
            11,
            14
        ],
        [
            15,
            17,
            18
        ],
        [
            15,
            11,
            17
        ],
        [
            15,
            16,
            18
        ],
        [
            9,
            10,
            8
        ],
        [
            9,
            16,
            13
        ],
        [
            9,
            0,
            8
        ],
        [
            9,
            5,
            13
        ],
        [
            9,
            5,
            0
        ],
        [
            4,
            7,
            14
        ],
        [
            4,
            10,
            14
        ],
        [
            4,
            10,
            1
        ],
        [
            3,
            7,
            11
        ],
        [
            3,
            4,
            7
        ],
        [
            3,
            4,
            1
        ],
        [
            12,
            15,
            11
        ],
        [
            12,
            6,
            2
        ],
        [
            12,
            6,
            13
        ],
        [
            12,
            16,
            13
        ],
        [
            12,
            15,
            16
        ],
        [
            9,
            10,
            17
        ],
        [
            9,
            17,
            16
        ],
        [
            3,
            1,
            0
        ],
        [
            3,
            2,
            0
        ],
        [
            12,
            3,
            2
        ],
        [
            12,
            3,
            11
        ]
    ],
    "vertices": [
        [
            -0.4883340720108451,
            0.4674522230120671,
            -0.7368977224244782
        ],
        [
            0.4883340720108449,
            0.4674522230120679,
            -0.7368977224244779
        ],
        [
            -0.1605852940004321,
            -0.6566797034979044,
            -0.7368745689496274
        ],
        [
            0.1605852940004321,
            -0.6566797034979044,
            -0.7368745689496274
        ],
        [
            0.6490842082913472,
            0.189281704612073,
            -0.7367917798441721
        ],
        [
            -0.6490842082913478,
            0.1892817046120729,
            -0.7367917798441715
        ],
        [
            -0.863354551496007,
            -0.498442701718533,
            -0.078573478443162
        ],
        [
            0.863354551496007,
            -0.498442701718533,
            -0.078573478443162
        ],
        [
            0.0,
            0.9969209599217644,
            -0.078413007012024
        ],
        [
            -0.525307136395371,
            0.819768727403429,
            0.228104462962603
        ],
        [
            0.525307136395371,
            0.819768727403429,
            0.228104462962603
        ],
        [
            0.4473362417116859,
            -0.8647866996311769,
            0.228110172925893
        ],
        [
            -0.4473362417116851,
            -0.8647866996311772,
            0.2281101729258931
        ],
        [
            -0.9725773284618576,
            0.045065201717437,
            0.2281720135252409
        ],
        [
            0.9725773284618575,
            0.045065201717438,
            0.2281720135252409
        ],
        [
            0.0,
            -0.6469284185645822,
            0.7625507335604161
        ],
        [
            -0.5601370480106158,
            0.3233614038692789,
            0.7626820372433339
        ],
        [
            0.5601370480106158,
            0.3233614038692789,
            0.7626820372433339
        ],
        [
            0.0,
            -3.285289052e-05,
            0.9999999994603438
        ]
    ]
}