{
    "facets": [
        [
            15,
            16,
            11
        ],
        [
            9,
            2,
            11
        ],
        [
            9,
            2,
            6
        ],
        [
            9,
            15,
            11
        ],
        [
            9,
            15,
            6
        ],
        [
            0,
            2,
            6
        ],
        [
            14,
            12,
            5
        ],
        [
            14,
            12,
            16
        ],
        [
            13,
            16,
            11
        ],
        [
            13,
            12,
            16
        ],
        [
            1,
            0,
            5
        ],
        [
            1,
            0,
            6
        ],
        [
            3,
            12,
            5
        ],
        [
            3,
            0,
            5
        ],
        [
            10,
            15,
            16
        ],
        [
            10,
            14,
            16
        ],
        [
            10,
            15,
            6
        ],
        [
            10,
            1,
            6
        ],
        [
            4,
            0,
            2
        ],
        [
            4,
            3,
            0
        ],
        [
            4,
            2,
            11
        ],
        [
            4,
            13,
            11
        ],
        [
            7,
            14,
            5
        ],
        [
            7,
            10,
            14
        ],
        [
            7,
            1,
            5
        ],
        [
            7,
            10,
            1
        ],
        [
            8,
            3,
            12
        ],
        [
            8,
            4,
            3
        ],
        [
            8,
            13,
            12
        ],
        [
            8,
            4,
            13
        ]
    ],
    "vertices": [
        [
            -6.4118e-11,
            -1.30824e-10,
            -1.0
        ],
        [
            0.3134345515240221,
            0.6659968191579893,
            -0.6769099044794482
        ],
        [
            -0.7334874403016797,
            -0.061556125409927,
            -0.6769099041557947
        ],
        [
            0.4200528886495469,
            -0.6044406938616479,
            -0.6769099041535889
        ],
        [
            -0.5954658081536071,
            -0.7017951115506963,
            -0.3910295292219212
        ],
        [
            0.9055052990053017,
            -0.1647909611692,
            -0.3910295290515159
        ],
        [
            -0.310039490764281,
            0.8665860728253502,
            -0.391029529002302
        ],
        [
            0.866025403704213,
            0.500000000138955,
            -1.18185e-10
        ],
        [
            0.0,
            -1.0,
            0.0
        ],
        [
            -0.866025403704213,
            0.500000000138955,
            1.18184e-10
        ],
        [
            0.3100394907642809,
            0.8665860728253498,
            0.3910295290023029
        ],
        [
            -0.9055052990053017,
            -0.1647909611692,
            0.3910295290515159
        ],
        [
            0.5954658081536067,
            -0.7017951115506968,
            0.3910295292219209
        ],
        [
            -0.420052888649548,
            -0.604440693861647,
            0.676909904153589
        ],
        [
            0.7334874403016802,
            -0.061556125409927,
            0.6769099041557942
        ],
        [
            -0.3134345515240221,
            0.6659968191579893,
            0.6769099044794482
        ],
        [
            6.4118e-11,
            -1.30824e-10,
            1.0
        ]
    ]
}